ACUTE_GANGRENOUS_APPENDICITIS	MMI	5.18	Acute gangrenous appendicitis	C0267625	[dsyn]	["Acute gangrenous appendicitis"-tx-1-"ACUTE GANGRENOUS APPENDICITIS"-noun-0]	TX	0/29	
ACUTE_LYMPHOBLASTIC_LEUKAEMIA	MMI	17.80	Precursor Cell Lymphoblastic Leukemia Lymphoma	C1961102	[neop]	["Acute Lymphoblastic Leukemia"-tx-1-"ACUTE LYMPHOBLASTIC LEUKAEMIA"-noun-0]	TX	0/29	C04.557.337.428.600;C15.604.515.560.600;C20.683.515.528.600
ACUTE_LYMPHOBLASTIC_LEUKEMIA	MMI	17.80	Precursor Cell Lymphoblastic Leukemia Lymphoma	C1961102	[neop]	["Acute Lymphoblastic Leukemia"-tx-1-"ACUTE LYMPHOBLASTIC LEUKEMIA"-noun-0]	TX	0/28	C04.557.337.428.600;C15.604.515.560.600;C20.683.515.528.600
ACUTE_MONOCYTIC_LEUKEMIA	MMI	20.95	Acute monocytic leukemia	C0023465	[neop]	["Acute monocytic leukaemia"-tx-1-"ACUTE MONOCYTIC LEUKEMIA"-noun-0]	TX	0/24	C04.557.337.539.275.484
ACUTE_MYELOGENOUS_LEUKEMIA	MMI	17.80	Leukemia, Myelocytic, Acute	C0023467	[neop]	["Acute myelogenous leukaemia"-tx-1-"ACUTE MYELOGENOUS LEUKEMIA"-noun-0]	TX	0/26	C04.557.337.539.275
ACUTE_MYELOID_LEUKAEMIA	MMI	17.80	Leukemia, Myelocytic, Acute	C0023467	[neop]	["Acute myeloid leukaemia"-tx-1-"ACUTE MYELOID LEUKAEMIA"-noun-0]	TX	0/23	C04.557.337.539.275
ACUTE_MYELOID_LEUKEMIA	MMI	17.80	Leukemia, Myelocytic, Acute	C0023467	[neop]	["Acute myeloid leukaemia"-tx-1-"ACUTE MYELOID LEUKEMIA"-noun-0]	TX	0/22	C04.557.337.539.275
ACUTE_MYELOID_LEUKEMIA_(AML)	MMI	17.80	Leukemia, Myelocytic, Acute	C0023467	[neop]	["Acute myeloid leukaemia"-tx-1-"ACUTE MYELOID LEUKEMIA"-noun-0]	TX	0/22	C04.557.337.539.275
ACUTE_MYELOID_LEUKEMIA_(FAB_M5)	MMI	3.84	Acute monocytic/monoblastic leukemia	C3831784	[neop]	["Acute Myeloid Leukemia M5"-tx-1-"ACUTE MYELOID LEUKEMIA M5"-noun-0]	TX	0/22,28/2	
ACUTE_MYELOMONOCYTIC_LEUKEMIA	MMI	17.80	Acute myelomonocytic leukemia	C0023479	[neop]	["Acute myelomonocytic leukaemia"-tx-1-"ACUTE MYELOMONOCYTIC LEUKEMIA"-noun-0]	TX	0/29	C04.557.337.539.520
ACUTE_PHLEGMONOUS_APPENDICITIS	MMI	16.40	Appendicitis	C0003615	[dsyn]	["Acute Appendicitis"-tx-1-"ACUTE APPENDICITIS"-noun-0]	TX	0/5,18/12	C01.539.463.099;C06.405.205.099;C06.405.469.110.207
ACUTE_PROMYELOCYTIC_LEUKEMIA	MMI	20.95	Acute Promyelocytic Leukemia	C0023487	[neop]	["Acute promyelocytic leukaemia"-tx-1-"ACUTE PROMYELOCYTIC LEUKEMIA"-noun-0]	TX	0/28	C04.557.337.539.275.700
ACUTE_SIMPLE_APPENDICITIS	MMI	16.40	Appendicitis	C0003615	[dsyn]	["Acute Appendicitis"-tx-1-"ACUTE APPENDICITIS"-noun-0]	TX	0/5,13/12	C01.539.463.099;C06.405.205.099;C06.405.469.110.207
ACUTE_T_CELL_LEUKEMIA	MMI	20.95	Precursor T-Cell Lymphoblastic Leukemia-Lymphoma	C1961099	[neop]	["Acute T Cell Leukemia"-tx-1-"ACUTE T CELL LEUKEMIA"-noun-0]	TX	0/21	C04.557.337.428.600.620;C15.604.515.560.600.620;C20.683.515.528.600.620
ADAMANTINOMATOUS_CRANIOPHARYNGIOMA	MMI	17.80	Adamantinous Craniopharyngioma	C0431129	[neop]	["Adamantinomatous Craniopharyngioma"-tx-1-"ADAMANTINOMATOUS CRANIOPHARYNGIOMA"-noun-0]	TX	0/34	C04.557.465.625.200;C04.557.580.625.200
ADENOCARCINOMA	MMI	17.80	Adenocarcinoma	C0001418	[neop]	["ADENOCARCINOMA"-tx-1-"ADENOCARCINOMA"-noun-0]	TX	0/14	C04.557.470.200.025
ADENOMYOEPITHELIOMA_OF_THE_BREAST	MMI	5.18	Breast Adenomyoepithelioma	C1510795	[neop]	["Adenomyoepithelioma of the Breast"-tx-1-"ADENOMYOEPITHELIOMA OF THE BREAST"-noun-0]	TX	0/33	
ADHD	MMI	14.64	Attention deficit hyperactivity disorder	C1263846	[mobd]	["ADHD"-tx-1-"ADHD"-noun-0]	TX	0/4	F03.625.094.150
ALZHEIMER'S_DISEASE	MMI	16.40	Alzheimer's Disease	C0002395	[dsyn]	["ALZHEIMER DISEASE"-tx-1-"ALZHEIMER DISEASE"-noun-0]	TX	0/9,12/7	C10.228.140.380.100;C10.574.945.249;F03.615.400.100
AML	MMI	17.80	Leukemia, Myelocytic, Acute	C0023467	[neop]	["AML"-tx-1-"AML"-noun-0]	TX	0/3	C04.557.337.539.275
AML_WITH_INV(3)(Q21Q26.2)_RPN1-EVI1	MMI	16.21	Leukemia, Myelocytic, Acute	C0023467	[neop]	["AML"-tx-1-"AML"-noun-0]	TX	0/3	C04.557.337.539.275
AML_WITH_MDS-RELATED_CHANGES	MMI	3.67	Acute Myeloid Leukemia Arising from Previous Myelodysplastic Syndrome	C1332153	[neop]	["AML/MDS"-tx-1-"AML MDS"-noun-0]	TX	0/3,9/3	
AML_WITH_RECURRENT_GENE_MUTATIONS	MMI	3.81	Acute Myeloid Leukemia with Gene Mutations	C2826176	[neop]	["AML with Gene Mutations"-tx-1-"AML WITH GENE MUTATIONS"-noun-0]	TX	0/8,19/14	
ANAPLASTIC_THYROID_CANCER	MMI	17.80	Anaplastic thyroid carcinoma	C0238461	[neop]	["Anaplastic Thyroid Cancer"-tx-1-"ANAPLASTIC THYROID CANCER"-noun-0]	TX	0/25	C04.557.470.200.725
ANKYLOSING_SPONDYLITIS	MMI	24.11	Ankylosing spondylitis	C0038013	[dsyn]	["ANKYLOSING SPONDYLITIS"-tx-1-"ANKYLOSING SPONDYLITIS"-noun-0]	TX	0/22	C05.116.900.853.625.800.850;C05.550.069.680;C05.550.114.865.800.850
ANOXIA	MMI	14.64	Anoxia	C0003130	[patf]	["ANOXIA"-tx-1-"ANOXIA"-noun-0]	TX	0/6	C23.888.852.079
ARDS	MMI	11.49	Respiratory Distress Syndrome, Adult	C0035222	[dsyn]	["ARDS"-tx-1-"ARDS"-noun-0]	TX	0/4	C08.381.840;C08.618.840
ARMS	MMI	24.11	Alveolar rhabdomyosarcoma	C0206655	[neop]	["ARMS"-tx-1-"ARMS"-noun-0]	TX	0/4	C04.557.450.590.550.660.665;C04.557.450.795.550.660.665
ARTHRALGIA	MMI	20.95	Arthralgia	C0003862	[sosy]	["ARTHRALGIA"-tx-1-"ARTHRALGIA"-noun-0]	TX	0/10	C05.550.091;C10.597.617.133;C23.888.592.612.094;F02.830.816.444.350;G11.561.600.810.444.350
ATOPIC_DERMATITIS_(AD)	MMI	14.64	Dermatitis, Atopic	C0011615	[dsyn]	["ATOPIC DERMATITIS"-tx-1-"ATOPIC DERMATITIS"-noun-0]	TX	0/17	C16.320.850.210;C17.800.174.193;C17.800.815.193;C17.800.827.210;C20.543.480.343
AUTOIMMUNE_HEPATITIS	MMI	17.80	Hepatitis, Autoimmune	C0241910	[dsyn]	["Autoimmune Hepatitis"-tx-1-"AUTOIMMUNE HEPATITIS"-noun-0]	TX	0/20	C06.552.380.350.050;C20.111.567
AUTOINFLAMMATORY_SYNDROME_WITH_IMMUNE_DEFICIENCY	MMI	6.64	Immunologic Deficiency Syndromes	C0021051	[dsyn]	["Immune deficiency"-tx-1-"IMMUNE DEFICIENCY"-noun-0]	TX	31/17	C20.673
B-ALL	MMI	24.11	Burkitt Lymphoma	C0006413	[neop]	["b-all"-tx-1-"B-ALL"-noun-0]	TX	0/5	C02.256.466.313.165;C02.928.313.165;C04.557.386.480.150.165;C15.604.515.569.480.150.165;C20.683.515.761.480.150.165
B-ALL_NOS	MMI	24.11	Burkitt Lymphoma	C0006413	[neop]	["b-all"-tx-1-"B-ALL"-noun-0]	TX	0/5	C02.256.466.313.165;C02.928.313.165;C04.557.386.480.150.165;C15.604.515.569.480.150.165;C20.683.515.761.480.150.165
B-ALL_WITH_T(12;21)_TEL-AML1_(ETV6-RUNX1)	MMI	22.53	Burkitt Lymphoma	C0006413	[neop]	["b-all"-tx-1-"B-ALL"-noun-0]	TX	0/5	C02.256.466.313.165;C02.928.313.165;C04.557.386.480.150.165;C15.604.515.569.480.150.165;C20.683.515.761.480.150.165
B-ALL_WITH_T(9;22)_BCR-ABL	MMI	22.54	Burkitt Lymphoma	C0006413	[neop]	["b-all"-tx-1-"B-ALL"-noun-0]	TX	0/5	C02.256.466.313.165;C02.928.313.165;C04.557.386.480.150.165;C15.604.515.569.480.150.165;C20.683.515.761.480.150.165
B-CELL_LYMPHOMA,_UNCLASSIFIABLE,_WITH_FEATURES_INTERMEDIATE_BETWEEN_DLBCL_AND_BL	MMI	22.37	Burkitt Lymphoma	C0006413	[neop]	["BL"-tx-1-"BL"-noun-0]	TX	78/2	C02.256.466.313.165;C02.928.313.165;C04.557.386.480.150.165;C15.604.515.569.480.150.165;C20.683.515.761.480.150.165
BECKER'S_NEVUS	MMI	3.78	Pigmented hairy epidermal nevus	C0263579	[neop]	["Becker's naevus"-tx-1-"BECKER NEVUS"-noun-0]	TX	0/6,9/5	
BECKERS_NEVUS_SYNDROME	MMI	13.65	Becker Nevus Syndrome	C1858042	[dsyn]	["BECKER NEVUS SYNDROME"-tx-1-"BECKERS NEVUS SYNDROME"-noun-0]	TX	0/22	x.x.x.x
BIPHENOTYPIC_B_MYELOMONOCYTIC_LEUKEMIA	MMI	3.68	Myelomonocytic leukemia	C0027019	[neop]	["Myelomonocytic leukemia"-tx-1-"MYELOMONOCYTIC LEUKEMIA"-noun-0]	TX	15/23	
BLADDER_CANCER	MMI	5.18	Carcinoma of bladder	C0699885	[neop]	["Bladder Cancer"-tx-1-"BLADDER CANCER"-noun-0]	TX	0/14	
BLEPHAROSPASM	MMI	11.49	Blepharospasm	C0005747	[dsyn]	["BLEPHAROSPASM"-tx-1-"BLEPHAROSPASM"-noun-0]	TX	0/13	C11.338.250
BLOOM_SYNDROME	MMI	14.64	Bloom Syndrome	C0005859	[cgab,dsyn]	["BLOOM SYNDROME"-tx-1-"BLOOM SYNDROME"-noun-0]	TX	0/14	C16.131.077.137;C18.452.284.100
BLUNT_FORCE_TRAUMA_(BFT)	MMI	8.34	Nonpenetrating Wounds	C0043253	[inpo]	["Blunt force Trauma"-tx-1-"BLUNT FORCE TRAUMA"-noun-0]	TX	0/18	C26.974
BONE_MARROW_CELLS_FROM_HEALTHY_DONORS	MMI	3.76	Encounter for being a bone marrow donor	C1313934	[fndg]	["Bone marrow donors"-tx-1-"BONE MARROW DONORS"-noun-0]	TX	0/11,31/6	
BRAIN_ASTROCYTOMA	MMI	5.18	Astrocytoma of brain	C3695127	[neop]	["Brain Astrocytoma"-tx-1-"BRAIN ASTROCYTOMA"-noun-0]	TX	0/17	
BRAIN_STROKE	MMI	16.30	Cerebrovascular accident	C0038454	[dsyn]	["STROKE"-tx-1-"STROKE"-noun-0]	TX	6/6	C10.228.140.300.775;C14.907.253.855
BREAST_ADENOCARCINOMA	MMI	5.18	breast adenocarcinoma	C0858252	[neop]	["Breast Adenocarcinoma"-tx-1-"BREAST ADENOCARCINOMA"-noun-0]	TX	0/21	
BREAST_CANCER	MMI	14.64	Breast Carcinoma	C0678222	[neop]	["Breast Cancer"-tx-1-"BREAST CANCER"-noun-0]	TX	0/13	C04.588.180;C17.800.090.500
BREAST_CARCINOMA	MMI	14.64	Breast Carcinoma	C0678222	[neop]	["BREAST CARCINOMA"-tx-1-"BREAST CARCINOMA"-noun-0]	TX	0/16	C04.588.180;C17.800.090.500
BREAST_DUCTAL_CARCINOMA	MMI	24.11	Mammary Ductal Carcinoma	C0021367	[neop]	["breast ductal carcinoma"-tx-1-"BREAST DUCTAL CARCINOMA"-noun-0]	TX	0/23	C04.557.470.200.025.232.500;C04.557.470.615.132.500;C04.588.180.390;C17.800.090.500.390
BURKITT'S_LYMPHOMA	MMI	22.71	Burkitt Lymphoma	C0006413	[neop]	["BURKITT LYMPHOMA"-tx-1-"BURKITT LYMPHOMA"-noun-0]	TX	0/7,10/8	C02.256.466.313.165;C02.928.313.165;C04.557.386.480.150.165;C15.604.515.569.480.150.165;C20.683.515.761.480.150.165
BURKITT_LYMPHOMA	MMI	24.11	Burkitt Lymphoma	C0006413	[neop]	["BURKITT LYMPHOMA"-tx-1-"BURKITT LYMPHOMA"-noun-0]	TX	0/16	C02.256.466.313.165;C02.928.313.165;C04.557.386.480.150.165;C15.604.515.569.480.150.165;C20.683.515.761.480.150.165
C9-ALS_FTD	MMI	19.40	Frontotemporal dementia	C0338451	[dsyn]	["FTD"-tx-1-"FTD"-noun-0]	TX	7/3	C10.228.140.380.266.299;C10.574.950.300.299;C18.452.845.800.300.299;F03.615.400.380.299
CANCER	MMI	5.18	Malignant Neoplasms	C0006826	[neop]	["CANCER"-tx-1-"CANCER"-noun-0]	TX	0/6	
CANCER_PAIN	MMI	5.18	cancer pain	C0596240	[sosy]	["cancer pain"-tx-1-"CANCER PAIN"-noun-0]	TX	0/11	
CARCINOMA	MMI	14.64	Carcinoma	C0007097	[neop]	["CARCINOMA"-tx-1-"CARCINOMA"-noun-0]	TX	0/9	C04.557.470.200
CARCINOMA_HEPATOCELLULAR	MMI	13.14	Carcinoma	C0007097	[neop]	["CARCINOMA"-tx-1-"CARCINOMA"-noun-0]	TX	0/9	C04.557.470.200
CDI	MMI	20.95	Central Diabetes Insipidus	C0687720	[dsyn]	["CDI"-tx-1-"CDI"-noun-0]	TX	0/3	C12.777.419.135.750;C13.351.968.419.135.750;C19.700.159.750
CELIAC_DISEASE	MMI	17.80	Celiac Disease	C0007570	[dsyn]	["Coeliac disease"-tx-1-"CELIAC DISEASE"-noun-0]	TX	0/14	C06.405.469.637.250;C18.452.603.250
CERVICAL_ADENOCARCINOMA	MMI	5.18	Cervical Adenocarcinoma	C0279672	[neop]	["Cervical Adenocarcinoma"-tx-1-"CERVICAL ADENOCARCINOMA"-noun-0]	TX	0/23	
CERVICAL_CANCER	MMI	5.18	Cervix carcinoma	C0302592	[neop]	["CERVICAL CANCER"-tx-1-"CERVICAL CANCER"-noun-0]	TX	0/15	
CHOLANGIOCARCINOMA	MMI	20.95	Cholangiocarcinoma	C0206698	[neop]	["Cholangiocarcinoma"-tx-1-"CHOLANGIOCARCINOMA"-noun-0]	TX	0/18	C04.557.470.200.025.450
CHONDROSARCOMA	MMI	17.80	Chondrosarcoma	C0008479	[neop]	["CHONDROSARCOMA"-tx-1-"CHONDROSARCOMA"-noun-0]	TX	0/14	C04.557.450.565.280;C04.557.450.795.300
CHRONIC_LYMPHOCYTIC_LEUKEMIA	MMI	20.95	Chronic Lymphocytic Leukemia	C0023434	[neop]	["Chronic lymphocytic leukaemia"-tx-1-"CHRONIC LYMPHOCYTIC LEUKEMIA"-noun-0]	TX	0/28	C04.557.337.428.080.125;C15.604.515.560.080.125;C20.683.515.528.080.125
CHRONIC_LYMPHOCYTIC_LEUKEMIA_(CLL)	MMI	20.95	Chronic Lymphocytic Leukemia	C0023434	[neop]	["Chronic lymphocytic leukaemia"-tx-1-"CHRONIC LYMPHOCYTIC LEUKEMIA"-noun-0]	TX	0/28	C04.557.337.428.080.125;C15.604.515.560.080.125;C20.683.515.528.080.125
CHRONIC_MYELOGENOUS_LEUKEMIA	MMI	17.80	Myeloid Leukemia, Chronic	C0023473	[neop]	["Chronic myelogenous leukaemia"-tx-1-"CHRONIC MYELOGENOUS LEUKEMIA"-noun-0]	TX	0/28	C04.557.337.539.250;C15.378.190.636.370
CHRONIC_MYELOID_LEUKEMIA	MMI	17.80	Myeloid Leukemia, Chronic	C0023473	[neop]	["Chronic myeloid leukaemia"-tx-1-"CHRONIC MYELOID LEUKEMIA"-noun-0]	TX	0/24	C04.557.337.539.250;C15.378.190.636.370
CHRONIC_PANCREATITIS	MMI	14.64	Hereditary pancreatitis	C0238339	[dsyn]	["PANCREATITIS, CHRONIC"-tx-1-"CHRONIC PANCREATITIS"-noun-0]	TX	0/20	x.x.x.x
CIRRHOSIS	MMI	11.49	Cirrhosis	C1623038	[dsyn]	["Cirrhosis"-tx-1-"CIRRHOSIS"-noun-0]	TX	0/9	C23.550.355
CLL	MMI	20.95	Chronic Lymphocytic Leukemia	C0023434	[neop]	["CLL"-tx-1-"CLL"-noun-0]	TX	0/3	C04.557.337.428.080.125;C15.604.515.560.080.125;C20.683.515.528.080.125
COLON_CANCER	MMI	5.18	Colon Carcinoma	C0699790	[neop]	["COLON CANCER"-tx-1-"COLON CANCER"-noun-0]	TX	0/12	
COLON_CARCINOMA	MMI	5.18	Colon Carcinoma	C0699790	[neop]	["COLON CARCINOMA"-tx-1-"COLON CARCINOMA"-noun-0]	TX	0/15	
COLON_CARCINOMA,_HNPCC	MMI	3.75	Colon Carcinoma	C0699790	[neop]	["COLON CARCINOMA"-tx-1-"COLON CARCINOMA"-noun-0]	TX	0/15	
COLON_CARCINOMA,_PRIMARY	MMI	3.78	Primary Carcinoma	C1335475	[neop]	["Primary Carcinoma"-tx-1-"CARCINOMA PRIMARY"-noun-0]	TX	6/9,17/7	
COLON_CARCINOMA,_SPORADIC	MMI	3.75	Colon Carcinoma	C0699790	[neop]	["COLON CARCINOMA"-tx-1-"COLON CARCINOMA"-noun-0]	TX	0/15	
COLORECTAL_ADENOCARCINOMA	MMI	5.18	Adenocarcinoma of large intestine	C1319315	[neop]	["Colorectal Adenocarcinoma"-tx-1-"COLORECTAL ADENOCARCINOMA"-noun-0]	TX	0/25	
COLORECTAL_CANCER	MMI	20.95	Colorectal Cancer	C1527249	[neop]	["Colorectal Cancer"-tx-1-"COLORECTAL CANCER"-noun-0]	TX	0/17	C04.588.274.476.411.307;C06.301.371.411.307;C06.405.249.411.307;C06.405.469.158.356;C06.405.469.491.307;C06.405.469.860.180
COLORECTAL_CARCINOMA	MMI	20.95	Colorectal Carcinoma	C0009402	[neop]	["Colorectal Carcinoma"-tx-1-"COLORECTAL CARCINOMA"-noun-0]	TX	0/20	C04.588.274.476.411.307;C06.301.371.411.307;C06.405.249.411.307;C06.405.469.158.356;C06.405.469.491.307;C06.405.469.860.180
CONTROL_(CO)	AA	CO	CONTROL	1	2	1	7	9:2
CROHN'S_DISEASE	MMI	17.80	Crohn Disease	C0010346	[dsyn]	["crohn s disease"-tx-1-"CROHN'DISEASE"-noun-0]	TX	0/5,5/1,8/7	C06.405.205.731.500;C06.405.469.432.500
CRYPTORCHIDISM	MMI	14.64	Cryptorchidism	C0010417	[cgab]	["CRYPTORCHIDISM"-tx-1-"CRYPTORCHIDISM"-noun-0]	TX	0/14	C12.294.829.258;C12.706.258;C16.131.939.258;C19.391.829.258
CTCL	MMI	24.11	Lymphoma, T-Cell, Cutaneous	C0079773	[neop]	["CTCL"-tx-1-"CTCL"-noun-0]	TX	0/4	C04.557.386.480.750.800;C15.604.515.569.480.750.800;C20.683.515.761.480.750.800
CUSHING'S_DISEASE	MMI	22.71	Pituitary-dependent Cushing's disease	C0221406	[dsyn]	["CUSHING DISEASE"-tx-1-"CUSHING DISEASE"-noun-0]	TX	0/7,10/7	C10.228.140.617.738.250.725;C19.700.355.800
CYSTIC_FIBROSIS	MMI	11.49	Cystic Fibrosis	C0010674	[dsyn]	["CYSTIC FIBROSIS"-tx-1-"CYSTIC FIBROSIS"-noun-0]	TX	0/15	C06.689.202;C08.381.187;C16.320.190;C16.614.213
DENGUE_FEVER	MMI	17.80	Dengue Fever	C0011311	[dsyn]	["Dengue Fever"-tx-1-"DENGUE FEVER"-noun-0]	TX	0/12	C02.081.270;C02.782.350.250.214;C02.782.417.214
DENGUE_HEMORRHAGIC_FEVER	MMI	20.95	Severe Dengue	C0019100	[dsyn]	["Dengue haemorrhagic fever"-tx-1-"DENGUE HEMORRHAGIC FEVER"-noun-0]	TX	0/24	C02.081.270.200;C02.782.350.250.214.200;C02.782.417.214.200
DENGUE_SHOCK_SYNDROME	MMI	20.95	Dengue Shock Syndrome	C0376300	[dsyn]	["Dengue Shock Syndrome"-tx-1-"DENGUE SHOCK SYNDROME"-noun-0]	TX	0/21	C02.081.270.200;C02.782.350.250.214.200;C02.782.417.214.200
DIFFUSE_LARGE_B-CELL_LYMPHOMA	MMI	24.11	Diffuse Large B-Cell Lymphoma	C0079744	[neop]	["Diffuse Large B-Cell Lymphoma"-tx-1-"DIFFUSE LARGE B-CELL LYMPHOMA"-noun-0]	TX	0/29	C04.557.386.480.150.585;C15.604.515.569.480.150.585;C20.683.515.761.480.150.585
DILATED_CARDIOMYOPATHY	MMI	14.64	Cardiomyopathy, Dilated	C0007193	[dsyn]	["Cardiomyopathy, Dilated"-tx-1-"DILATED CARDIOMYOPATHY"-noun-0]	TX	0/22	C14.280.195.160;C14.280.238.070
DLBCL_NOS	MMI	24.11	Diffuse Large B-Cell Lymphoma	C0079744	[neop]	["DLBCL"-tx-1-"DLBCL"-noun-0]	TX	0/5	C04.557.386.480.150.585;C15.604.515.569.480.150.585;C20.683.515.761.480.150.585
DM1	MMI	5.18	MYOTONIC DYSTROPHY 1	C3250443	[dsyn]	["DM1"-tx-1-"DM1"-noun-0]	TX	0/3	
DOWN'S_SYNDROME	MMI	13.09	Syndrome	C0039082	[dsyn]	["Syndrome"-tx-1-"SYNDROME"-noun-0]	TX	7/8	C23.550.288.500
DUCTAL_CARCINOMA	MMI	20.95	Ductal Carcinoma	C1176475	[neop]	["Ductal Carcinoma"-tx-1-"DUCTAL CARCINOMA"-noun-0]	TX	0/16	C04.557.470.200.025.232;C04.557.470.615.132
EMBRYONAL_CARCINOMA	MMI	14.64	Embryonal Carcinoma	C0206659	[neop]	["Carcinoma, Embryonal"-tx-1-"EMBRYONAL CARCINOMA"-noun-0]	TX	0/19	C04.557.465.200
ENDOMETRIAL_ADENOCARCINOMA	MMI	5.18	Endometrial adenocarcinoma	C1153706	[neop]	["Endometrial Adenocarcinoma"-tx-1-"ENDOMETRIAL ADENOCARCINOMA"-noun-0]	TX	0/26	
ENDOMETRIAL_CANCER	MMI	20.95	Endometrial Carcinoma	C0476089	[neop]	["ENDOMETRIAL CANCER"-tx-1-"ENDOMETRIAL CANCER"-noun-0]	TX	0/18	C04.588.945.418.948.585;C13.351.500.852.762.200;C13.351.937.418.875.200
ENDOMETRIAL_CARCINOMA	MMI	20.95	Endometrial Carcinoma	C0476089	[neop]	["ENDOMETRIAL CARCINOMA"-tx-1-"ENDOMETRIAL CARCINOMA"-noun-0]	TX	0/21	C04.588.945.418.948.585;C13.351.500.852.762.200;C13.351.937.418.875.200
ENDOMETRIOID_ENDOMETRIAL_CANCER	MMI	5.18	Endometrial Endometrioid Adenocarcinoma	C1336905	[neop]	["Endometrioid Endometrial Cancer"-tx-1-"ENDOMETRIOID ENDOMETRIAL CANCER"-noun-0]	TX	0/31	
ENTERIC_VOLVULUS,_HEMORRHAGIC_INFARCT	MMI	16.23	Intestinal Volvulus	C0042961	[dsyn]	["Volvulus"-tx-1-"VOLVULUS"-noun-0]	TX	8/8	C06.405.469.531.568;C23.300.970.500
EOSINOPHILIA	MMI	14.64	Eosinophilia	C0014457	[dsyn]	["EOSINOPHILIA"-tx-1-"EOSINOPHILIA"-noun-0]	TX	0/12	C15.378.553.231
EPIDERMOLYTIC_PALMOPLANTAR_KERATODERMA	MMI	20.95	Keratoderma, Palmoplantar, Epidermolytic	C1721006	[cgab,dsyn]	["Epidermolytic Palmoplantar Keratoderma"-tx-1-"EPIDERMOLYTIC PALMOPLANTAR KERATODERMA"-noun-0]	TX	0/38	C16.320.850.475.440.500;C17.800.428.435.440.500;C17.800.827.475.440.500
EPILEPSY	MMI	14.64	Epilepsy	C0014544	[dsyn]	["EPILEPSY"-tx-1-"EPILEPSY"-noun-0]	TX	0/8	C10.228.140.490
ERMS	MMI	24.11	Rhabdomyosarcoma, Embryonal	C0206656	[neop]	["ERMS"-tx-1-"ERMS"-noun-0]	TX	0/4	C04.557.450.590.550.660.675;C04.557.450.795.550.660.675
ESOPAGEAL_CANCER	MMI	3.68	Malignant Neoplasms	C0006826	[neop]	["CANCER"-tx-1-"CANCER"-noun-0]	TX	10/6	
ESOPHAGEAL_ADENOCARCINOMA	MMI	14.64	Adenocarcinoma Of Esophagus	C0279628	[neop]	["Oesophageal Adenocarcinoma NOS"-tx-1-"ESOPHAGEAL ADENOCARCINOMA"-noun-0]	TX	0/25	x.x.x.x
ESOPHAGEAL_CANCER	MMI	17.80	Esophageal Neoplasms	C0014859	[neop]	["esophageal cancer"-tx-1-"ESOPHAGEAL CANCER"-noun-0]	TX	0/17	C04.588.274.476.205;C04.588.443.353;C06.301.371.205;C06.405.117.430;C06.405.249.205
ESOPHAGEAL_SQUAMOUS_CELL_CARCINOMA	MMI	14.64	Squamous cell carcinoma of esophagus	C0279626	[neop]	["Esophageal Squamous Cell Carcinoma"-tx-1-"ESOPHAGEAL SQUAMOUS CELL CARCINOMA"-noun-0]	TX	0/34	x.x.x.x
EWING'S_SARCOMA	MMI	22.71	Ewings sarcoma	C0553580	[neop]	["Ewing Sarcoma"-tx-1-"EWING SARCOMA"-noun-0]	TX	0/5,8/7	C04.557.450.565.575.650.800;C04.557.450.795.620.800
EXTRANODAL_MARGINAL_ZONE_LYMPHOMA	MMI	22.73	Marginal Zone B-Cell Lymphoma	C1367654	[neop]	["Marginal Zone Lymphoma"-tx-1-"MARGINAL ZONE LYMPHOMA"-noun-0]	TX	11/22	C04.557.386.480.150.570;C15.604.515.569.480.150.570;C20.683.515.761.480.150.570
FIBROSIS_(NON-SARCOIDOSIS)	MMI	12.94	Sarcoidosis	C0036202	[dsyn]	["SARCOIDOSIS"-tx-1-"SARCOIDOSIS"-adj-1]	TX	14/11	C15.604.515.827
FLT3-ITD_MUTANT_ACUTE_MYELOID_LEUKEMIA	MMI	16.30	Leukemia, Myelocytic, Acute	C0023467	[neop]	["Acute myeloid leukaemia"-tx-1-"ACUTE MYELOID LEUKEMIA"-noun-0]	TX	16/22	C04.557.337.539.275
FOCAL_CORTICAL_DYSPLASIA	MMI	5.18	Focal cortical dysplasia	C2938983	[cgab,dsyn]	["Focal cortical dysplasia"-tx-1-"FOCAL CORTICAL DYSPLASIA"-noun-0]	TX	0/24	
FOLLICULAR_LYMPHOMA	MMI	20.95	Lymphoma, Follicular	C0024301	[neop]	["Follicular Lymphoma"-tx-1-"FOLLICULAR LYMPHOMA"-noun-0]	TX	0/19	C04.557.386.480.350;C15.604.515.569.480.350;C20.683.515.761.480.350
FRDA	MMI	14.64	FRIEDREICH ATAXIA 1	C1856689	[dsyn]	["FRDA"-tx-1-"FRDA"-noun-0]	TX	0/4	x.x.x.x
FTDALS1	MMI	5.18	AMYOTROPHIC LATERAL SCLEROSIS AND/OR FRONTOTEMPORAL DEMENTIA 1	C1862937	[dsyn]	["FTDALS1"-tx-1-"FTDALS1"-noun-0]	TX	0/7	
GASTRIC_CANCER	MMI	5.18	Malignant neoplasm of stomach	C0024623	[neop]	["-- Gastric Cancer"-tx-1-"GASTRIC_CANCER"-noun-0]	TX	0/14	
GENERALIZED_PUSTULAR_PSORIASIS	MMI	5.18	Generalized pustular psoriasis	C0343055	[dsyn]	["Generalised pustular psoriasis"-tx-1-"GENERALIZED PUSTULAR PSORIASIS"-noun-0]	TX	0/30	
GESTATIONAL_DIABETES_MELLITUS	MMI	17.80	Gestational Diabetes	C0085207	[patf]	["DIABETES MELLITUS, GESTATIONAL"-tx-1-"GESTATIONAL DIABETES MELLITUS"-noun-0]	TX	0/29	C13.703.170;C18.452.394.750.448;C19.246.200
GIST	MMI	17.80	Gastrointestinal Stromal Tumors	C0238198	[neop]	["GIST"-tx-1-"GIST"-noun-0]	TX	0/4	C04.557.450.565.370;C06.301.371.308;C06.405.249.308
GLIOBLASTOMA	MMI	27.26	Glioblastoma	C0017636	[neop]	["Glioblastoma"-tx-1-"GLIOBLASTOMA"-noun-0]	TX	0/12	C04.557.465.625.600.380.080.335;C04.557.470.670.380.080.335;C04.557.580.625.600.380.080.335
GLIOBLASTOMA;_ASTROCYTOMA	MMI	25.76	Glioblastoma	C0017636	[neop]	["Glioblastoma"-tx-1-"GLIOBLASTOMA"-noun-0]	TX	0/12	C04.557.465.625.600.380.080.335;C04.557.470.670.380.080.335;C04.557.580.625.600.380.080.335
GLIOBLASTOMA_MULTIFORME	MMI	27.26	Glioblastoma	C0017636	[neop]	["Glioblastoma multiforme"-tx-1-"GLIOBLASTOMA MULTIFORME"-noun-0]	TX	0/23	C04.557.465.625.600.380.080.335;C04.557.470.670.380.080.335;C04.557.580.625.600.380.080.335
GLIOMA	MMI	20.95	Glioma	C0017638	[neop]	["GLIOMA"-tx-1-"GLIOMA"-noun-0]	TX	0/6	C04.557.465.625.600.380;C04.557.470.670.380;C04.557.580.625.600.380
HCC	MMI	20.95	Liver carcinoma	C2239176	[neop]	["HCC"-tx-1-"HCC"-noun-0]	TX	0/3	C04.557.470.200.025.255;C04.588.274.623.160;C06.301.623.160;C06.552.697.160
HCV_INFECTION	MMI	9.99	Communicable Diseases	C0009450	[dsyn]	["Infection, NOS"-tx-1-"INFECTION"-noun-0]	TX	4/9	C01.539.221
HEAD_AND_NECK_SQUAMOUS_CELL_CARCINOMA	MMI	13.33	Squamous cell carcinoma of the head and neck	C1168401	[neop]	["head neck Squamous Cell Carcinoma"-tx-1-"HEAD NECK SQUAMOUS CELL CARCINOMA"-noun-0]	TX	0/4,9/28	x.x.x.x
HEAD_TRAUMA	MMI	11.49	Craniocerebral Trauma	C0018674	[inpo]	["HEAD TRAUMA"-tx-1-"HEAD TRAUMA"-noun-0]	TX	0/11	C10.900.300;C26.915.300
HEMOLYTIC_ANEMIA	MMI	14.64	Anemia, Hemolytic	C0002878	[dsyn]	["Haemolytic anaemia"-tx-1-"HEMOLYTIC ANEMIA"-noun-0]	TX	0/16	C15.378.071.141
HEMORRHAGIC_SHOCK_AFTER_CHOLECYSTECTOMY	MMI	13.14	Shock, Hemorrhagic	C0036982	[patf]	["Hemorrhagic Shock"-tx-1-"HEMORRHAGIC SHOCK"-noun-0]	TX	0/17	C23.550.414.980;C23.550.835.650
HEPATITIS	MMI	17.80	Hepatitis A	C0019159	[dsyn]	["Hepatitis"-tx-1-"HEPATITIS"-noun-0]	TX	0/9	C02.440.420;C02.782.687.359.500;C06.552.380.705.422
HEPATOCELLULAR_CARCINOMA	MMI	20.95	Liver carcinoma	C2239176	[neop]	["HEPATOCELLULAR CARCINOMA"-tx-1-"HEPATOCELLULAR CARCINOMA"-noun-0]	TX	0/24	C04.557.470.200.025.255;C04.588.274.623.160;C06.301.623.160;C06.552.697.160
HIGH-GRADE_SEROUS_OVARIAN_CANCER_(HGSOC)	MMI	3.72	Ovarian Serous Adenocarcinoma	C1335177	[neop]	["Serous ovarian cancer"-tx-1-"SEROUS OVARIAN CANCER"-noun-0]	TX	11/21	
HLH	MMI	17.80	Lymphohistiocytosis, Hemophagocytic	C0024291	[dsyn]	["HLH"-tx-1-"HLH"-noun-0]	TX	0/3	C15.604.250.410.575
HODGKIN'S_LYMPHOMA	MMI	16.40	Hodgkin Disease	C0019829	[neop]	["HODGKIN LYMPHOMA"-tx-1-"HODGKIN LYMPHOMA"-noun-0]	TX	0/7,10/8	C04.557.386.355;C15.604.515.569.355;C20.683.515.761.355
HUMAN_IMMUNODEFICIENCY_VIRUS_INFECTIOUS_DISEASE	MMI	16.45	HIV Infections	C0019693	[dsyn]	["Human immunodeficiency virus disease"-tx-1-"HUMAN IMMUNODEFICIENCY VIRUS DISEASE"-noun-0]	TX	0/28,40/7	C02.782.815.616.400;C02.800.801.400;C20.673.480
HUNTINGTON'S_DISEASE	MMI	19.55	Huntington Disease	C0020179	[dsyn]	["HUNTINGTON DISEASE"-tx-1-"HUNTINGTON DISEASE"-noun-0]	TX	0/10,13/7	C10.228.140.079.545;C10.228.140.380.278;C10.228.662.262.249.750;C10.574.500.497;C16.320.400.430;F03.615.250.400;F03.615.400.390
HUTCHINSON-GILFORD_PROGERIA_SYNDROME	MMI	14.64	Progeria	C0033300	[dsyn]	["HUTCHINSON-GILFORD PROGERIA SYNDROME"-tx-1-"HUTCHINSON-GILFORD PROGERIA SYNDROME"-noun-0]	TX	0/36	C16.320.565.753;C18.452.648.753
HUTINGTON'S_DISEASE_PATIENT	MMI	3.68	patient condition	C0683521	[fndg]	["Disease patient"-tx-1-"DISEASE PATIENT"-noun-0]	TX	12/15	
HYPERLIPIDEMIA	MMI	17.80	Hyperlipidemia	C0020473	[dsyn]	["Hyperlipidaemia, NOS"-tx-1-"HYPERLIPIDEMIA"-noun-0]	TX	0/14	C18.452.584.500.500
HYPERTENSIVE_CEREBRAL_HEMORRHAGE	MMI	20.95	Cerebral Hemorrhage, Hypertensive	C0751892	[patf]	["hypertensive Cerebral haemorrhage"-tx-1-"HYPERTENSIVE CEREBRAL HEMORRHAGE"-noun-0]	TX	0/32	C10.228.140.300.535.325;C14.907.253.573.350
HYPER_IGD_SYNDROME	MMI	20.95	Hyperimmunoglobulinemia D	C0398691	[dsyn]	["HYPER-IgD SYNDROME"-tx-1-"HYPER IGD SYNDROME"-noun-0]	TX	0/18	C10.228.140.163.100.593;C15.378.147.542.319;C16.320.382.750;C16.320.565.189.593;C16.320.565.663.430;C18.452.132.100.593;C18.452.648.189.593;C18.452.648.663.430;C20.683.460.319
HYPER_IGD_SYNDROME_(HIDS)	MMI	20.95	Hyperimmunoglobulinemia D	C0398691	[dsyn]	["HYPER-IgD SYNDROME"-tx-1-"HYPER IGD SYNDROME"-noun-0]	TX	0/18	C10.228.140.163.100.593;C15.378.147.542.319;C16.320.382.750;C16.320.565.189.593;C16.320.565.663.430;C18.452.132.100.593;C18.452.648.189.593;C18.452.648.663.430;C20.683.460.319
HYPOMYELINATING_LEUKODYSTROPHY	MMI	5.18	Leukodystrophy, hypomyelinating	C2677112	[fndg]	["Leukodystrophy, hypomyelinating"-tx-1-"HYPOMYELINATING LEUKODYSTROPHY"-noun-0]	TX	0/30	
HYPOPHARYNGEAL_SQUAMOUS_CELL_CARCINOMA	MMI	5.18	hypopharyngeal squamous cell carcinoma	C0280321	[neop]	["Hypopharyngeal Squamous Cell Carcinoma"-tx-1-"HYPOPHARYNGEAL SQUAMOUS CELL CARCINOMA"-noun-0]	TX	0/38	
ICHTHYOSIS_VULGARIS_(IV)	MMI	17.80	Ichthyosis Vulgaris	C0079584	[cgab,dsyn]	["ICHTHYOSIS VULGARIS"-tx-1-"ICHTHYOSIS VULGARIS"-noun-0]	TX	0/19	C16.131.831.512.410;C16.320.850.405;C17.800.428.333.410;C17.800.804.512.410;C17.800.827.405
INFLAMMATORY_BOWEL_DISEASE	MMI	14.64	Inflammatory Bowel Diseases	C0021390	[dsyn]	["INFLAMMATORY BOWEL DISEASE"-tx-1-"INFLAMMATORY BOWEL DISEASE"-noun-0]	TX	0/26	C06.405.205.731;C06.405.469.432
INFLUENZA	MMI	14.64	Influenza	C0021400	[dsyn]	["INFLUENZA"-tx-1-"INFLUENZA"-noun-0]	TX	0/9	C02.782.620.365;C08.730.310
INTELLECTUAL_DISABILITY	MMI	17.80	Intellectual Disability	C3714756	[mobd]	["Intellectual Disability"-tx-1-"INTELLECTUAL DISABILITY"-noun-0]	TX	0/23	C10.597.606.643;C23.888.592.604.646;F01.700.687;F03.625.539
JUVENILE_MYELOMONOCYTIC_LEUKEMIA	MMI	17.80	Juvenile Myelomonocytic Leukemia	C0349639	[neop]	["Juvenile myelomonocytic leukaemia"-tx-1-"JUVENILE MYELOMONOCYTIC LEUKEMIA"-noun-0]	TX	0/32	C04.557.337.539.525;C15.378.190.615.520
LARGE_CELL_LUNG_CANCER	MMI	5.18	Large cell carcinoma of lung	C0345958	[neop]	["large cell lung cancer"-tx-1-"LARGE CELL LUNG CANCER"-noun-0]	TX	0/22	
LEUKEMIA	MMI	11.49	leukemia	C0023418	[neop]	["LEUKAEMIA"-tx-1-"LEUKEMIA"-noun-0]	TX	0/8	C04.557.337
LISSENCEPHALY	MMI	20.95	Lissencephaly	C0266463	[cgab]	["Lissencephaly"-tx-1-"LISSENCEPHALY"-noun-0]	TX	0/13	C10.500.507.450.499;C16.131.666.507.450.499
LISSENCEPHALY(XLAG)	MMI	19.45	Lissencephaly	C0266463	[cgab]	["Lissencephaly"-tx-1-"LISSENCEPHALY"-noun-0]	TX	0/13	C10.500.507.450.499;C16.131.666.507.450.499
LIVER_CANCER	MMI	5.18	Liver and Intrahepatic Biliary Tract Carcinoma	C0279000	[neop]	["Liver Cancer"-tx-1-"LIVER CANCER"-noun-0]	TX	0/12	
LOFGREN'S_SYNDROME_(LS)_SARCOIDOSIS	MMI	13.08	Sarcoidosis	C0036202	[dsyn]	["SARCOIDOSIS"-tx-1-"SARCOIDOSIS"-noun-0]	TX	24/11	C15.604.515.827
LOFGREN'S_SYNDROME_SARCOIDOSIS	MMI	13.08	Sarcoidosis	C0036202	[dsyn]	["SARCOIDOSIS"-tx-1-"SARCOIDOSIS"-noun-0]	TX	19/11	C15.604.515.827
LOW-GRADE_GLIOMA	MMI	5.18	Low grade glioma	C1997217	[neop]	["Low grade glioma"-tx-1-"LOW-GRADE GLIOMA"-noun-0]	TX	0/16	
LOW_GRADE_GLIOMA	MMI	5.18	Low grade glioma	C1997217	[neop]	["Low grade glioma"-tx-1-"LOW GRADE GLIOMA"-noun-0]	TX	0/16	
LUMINAL_BREAST_CANCER	MMI	13.22	Breast Carcinoma	C0678222	[neop]	["Breast Cancer"-tx-1-"BREAST CANCER"-noun-0]	TX	8/13	C04.588.180;C17.800.090.500
LUNG_ADENOCARCINOMA	MMI	14.64	Adenocarcinoma of lung (disorder)	C0152013	[neop]	["Lung Adenocarcinoma"-tx-1-"LUNG ADENOCARCINOMA"-noun-0]	TX	0/19	x.x.x.x
LUNG_CANCER	MMI	5.18	Carcinoma of lung	C0684249	[neop]	["-- Lung Cancer"-tx-1-"LUNG CANCER"-noun-0]	TX	0/11	
LUNG_SARCOMATOID_CARCINOMA	MMI	5.18	Lung Sarcomatoid Carcinoma	C1708781	[neop]	["Lung Sarcomatoid Carcinoma"-tx-1-"LUNG SARCOMATOID CARCINOMA"-noun-0]	TX	0/26	
LUNG_SQUAMOUS_CELL_CARCINOMA	MMI	5.18	Squamous cell carcinoma of lung	C0149782	[neop]	["lung squamous cell carcinoma"-tx-1-"LUNG SQUAMOUS CELL CARCINOMA"-noun-0]	TX	0/28	
LYMPHOMA	MMI	14.64	Lymphoma	C0024299	[neop]	["LYMPHOMA"-tx-1-"LYMPHOMA"-noun-0]	TX	0/8	C04.557.386;C15.604.515.569;C20.683.515.761
LYMPHOPLAMACYTIC_LYMPHOMA	MMI	13.14	Lymphoma	C0024299	[neop]	["LYMPHOMA"-tx-1-"LYMPHOMA"-noun-0]	TX	17/8	C04.557.386;C15.604.515.569;C20.683.515.761
MALARIA	MMI	11.49	Malaria	C0024530	[dsyn]	["MALARIA"-tx-1-"MALARIA"-noun-0]	TX	0/7	C03.752.530
MALIGNANT_MELANOMA	MMI	20.95	melanoma	C0025202	[neop]	["MALIGNANT MELANOMA"-tx-1-"MALIGNANT MELANOMA"-noun-0]	TX	0/18	C04.557.465.625.650.510;C04.557.580.625.650.510;C04.557.665.510
MEDULLOBLASTOMA	MMI	24.11	Medulloblastoma	C0025149	[neop]	["MEDULLOBLASTOMA"-tx-1-"MEDULLOBLASTOMA"-noun-0]	TX	0/15	C04.557.465.625.600.380.515;C04.557.465.625.600.590.500;C04.557.470.670.380.515;C04.557.470.670.590.500;C04.557.580.625.600.380.515;C04.557.580.625.600.590.500
MELANOMA	MMI	20.95	melanoma	C0025202	[neop]	["MELANOMA"-tx-1-"MELANOMA"-noun-0]	TX	0/8	C04.557.465.625.650.510;C04.557.580.625.650.510;C04.557.665.510
MERKEL_CELL_CARCINOMA	MMI	24.11	Merkel cell carcinoma	C0007129	[neop]	["Merkel Cell Carcinoma"-tx-1-"MERKEL CELL CARCINOMA"-noun-0]	TX	0/21	C02.256.721.150;C02.928.216;C04.557.465.625.650.240.325;C04.557.470.200.025.370.325;C04.557.580.625.650.240.325
MESOTHELIOMA	MMI	17.80	Mesothelioma	C0025500	[neop]	["MESOTHELIOMA"-tx-1-"MESOTHELIOMA"-noun-0]	TX	0/12	C04.557.470.035.510;C04.557.470.660.510
METASTATIC_MELANOMA	MMI	5.18	Metastatic melanoma	C0278883	[neop]	["Metastatic Melanoma"-tx-1-"METASTATIC MELANOMA"-noun-0]	TX	0/19	
MISSING	MMI	5.18	Container status - Missing	C1551393	[fndg]	["Missing"-tx-1-"MISSING"-noun-0]	TX	0/7	
MITOCHONDRIAL_DISEASE	MMI	11.49	Mitochondrial Diseases	C0751651	[dsyn]	["Disease, Mitochondrial"-tx-1-"MITOCHONDRIAL DISEASE"-noun-0]	TX	0/21	C18.452.660
MULTIPLE_MYELOMA	MMI	17.80	Multiple Myeloma	C0026764	[neop]	["MULTIPLE MYELOMA"-tx-1-"MULTIPLE MYELOMA"-noun-0]	TX	0/16	C04.557.595.500;C14.907.454.460;C15.378.147.780.650;C15.378.463.515.460;C20.683.515.845;C20.683.780.650
MULTIPLE_ORGAN_FAILURE	MMI	14.64	Multiple Organ Failure	C0026766	[patf]	["MULTIPLE ORGAN FAILURE"-tx-1-"MULTIPLE ORGAN FAILURE"-noun-0]	TX	0/22	C23.550.835.525
MULTIPLE_SCLEROSIS	MMI	17.80	Multiple Sclerosis	C0026769	[dsyn]	["MULTIPLE SCLEROSIS"-tx-1-"MULTIPLE SCLEROSIS"-noun-0]	TX	0/18	C10.114.375.500;C10.314.350.500;C20.111.258.250.500
MYASTHENIA_GRAVIS	MMI	14.64	Myasthenia Gravis	C0026896	[dsyn]	["MYASTHENIA GRAVIS"-tx-1-"MYASTHENIA GRAVIS"-noun-0]	TX	0/17	C10.114.656;C10.668.758.725;C20.111.258.500
MYELODYSPLASTIC_SYNDROMES	MMI	14.64	MYELODYSPLASTIC SYNDROME	C3463824	[neop]	["Myelodysplastic Syndromes"-tx-1-"MYELODYSPLASTIC SYNDROMES"-noun-0]	TX	0/25	C15.378.190.625
MYOEPITHELIAL_CARCINOMA_OF_SALIVARY_GLAND	MMI	3.85	Salivary gland carcinoma	C0948750	[neop]	["Carcinoma of Salivary Gland"-tx-1-"CARCINOMA OF SALIVARY GLAND"-noun-0]	TX	14/27	
NASOPHARYNGEAL_CARCINOMA	MMI	14.64	Nasopharyngeal carcinoma	C2931822	[neop]	["NASOPHARYNGEAL CARCINOMA"-tx-1-"NASOPHARYNGEAL CARCINOMA"-noun-0]	TX	0/24	x.x.x.x
NEOPLASTIC,_ESOPHAGEAL_SQUAMOUS_CELL_CARCINOMA	MMI	13.31	Squamous cell carcinoma of esophagus	C0279626	[neop]	["Esophageal Squamous Cell Carcinoma"-tx-1-"ESOPHAGEAL SQUAMOUS CELL CARCINOMA"-noun-0]	TX	12/34	x.x.x.x
NEPHRONOPHTHISIS	MMI	5.18	Nephronophthisis	C0687120	[dsyn]	["Nephronophthisis"-tx-1-"NEPHRONOPHTHISIS"-noun-0]	TX	0/16	
NEUROBLASTOMA	MMI	27.26	Neuroblastoma	C0027819	[neop]	["NEUROBLASTOMA"-tx-1-"NEUROBLASTOMA"-noun-0]	TX	0/13	C04.557.465.625.600.590.650.550;C04.557.470.670.590.650.550;C04.557.580.625.600.590.650.550
NEVUS	MMI	17.80	Melanocytic nevus	C0027962	[neop]	["Nevus"-tx-1-"NEVUS"-noun-0]	TX	0/5	C04.557.665.560.615
NODAL_MARGINAL_ZONE_LYMPHOMA	MMI	24.11	Mucosa-Associated Lymphoid Tissue Lymphoma	C0242647	[neop]	["Nodal marginal zone lymphoma"-tx-1-"NODAL MARGINAL ZONE LYMPHOMA"-noun-0]	TX	0/28	C04.557.386.480.150.570;C15.604.515.569.480.150.570;C20.683.515.761.480.150.570
NON-LS_SARCOIDOSIS	MMI	13.09	Sarcoidosis	C0036202	[dsyn]	["SARCOIDOSIS"-tx-1-"SARCOIDOSIS"-noun-1]	TX	7/11	C15.604.515.827
NON-NEOPLASTIC	MMI	5.18	Non-Neoplastic Disorder	C1709246	[dsyn]	["NON-NEOPLASTIC"-tx-1-"NON-NEOPLASTIC"-adj-0]	TX	0/14	
NON-SIGNIFICANT_ATHEROSCLEROSIS	MMI	16.25	Atherosclerosis	C0004153	[dsyn]	["ATHEROSCLEROSIS"-tx-1-"ATHEROSCLEROSIS"-noun-1]	TX	16/15	C14.907.137.126.307
NON-SMALL_CELL_LUNG_CANCER	MMI	27.26	Non-Small Cell Lung Carcinoma	C0007131	[neop]	["Lung cancer, non-small cell"-tx-1-"NON-SMALL CELL LUNG CANCER"-noun-0]	TX	0/26	C04.588.894.797.520.109.220.249;C08.381.540.140.500;C08.785.520.100.220.500
NORMAL	MMI	5.18	Gait normal	C0231683	[fndg]	["Normal"-tx-1-"NORMAL"-adj-0]	TX	0/6	
NORMAL_BENIGN_SKIN_LESION	MMI	3.70	Skin appearance normal (finding)	C0558145	[fndg]	["Normal Skin"-tx-1-"NORMAL SKIN"-noun-0]	TX	0/6,14/4	
NORMAL_NON_SMOKERS	MMI	3.75	Non-smoker	C0337672	[fndg]	["non smokers"-tx-1-"NON SMOKERS"-noun-0]	TX	7/11	
NO_DISEASE	MMI	5.18	No Evidence of Coronary Artery Disease	C3275117	[fndg]	["NO DISEASE"-tx-1-"NO DISEASE"-noun-0]	TX	0/10	
NO_KNOWN_CARDIAC_DISEASES	MMI	6.83	Heart Diseases	C0018799	[dsyn]	["Cardiac Diseases"-tx-1-"CARDIAC DISEASES"-noun-1]	TX	9/16	C14.280
NSCLC	MMI	27.26	Non-Small Cell Lung Carcinoma	C0007131	[neop]	["NSCLC"-tx-1-"NSCLC"-noun-0]	TX	0/5	C04.588.894.797.520.109.220.249;C08.381.540.140.500;C08.785.520.100.220.500
OSTEOARTHRITIS	MMI	14.64	Degenerative polyarthritis	C0029408	[dsyn]	["OSTEOARTHRITIS"-tx-1-"OSTEOARTHRITIS"-noun-0]	TX	0/14	C05.550.114.606;C05.799.613
OSTEOSARCOMA	MMI	20.95	Osteosarcoma	C0029463	[neop]	["OSTEOSARCOMA"-tx-1-"OSTEOSARCOMA"-noun-0]	TX	0/12	C04.557.450.565.575.650;C04.557.450.795.620
OTHER_FEBRILE_ILLNESS	MMI	3.75	Disorder characterized by fever	C0743841	[dsyn]	["Febrile illness"-tx-1-"FEBRILE ILLNESS"-noun-0]	TX	6/15	
OVARIAN_CANCER	MMI	5.18	Malignant neoplasm of ovary	C1140680	[neop]	["OVARIAN CANCER"-tx-1-"OVARIAN CANCER"-noun-0]	TX	0/14	
OVARIAN_EPITHELIAL-SEROUS_CARCINOMA	MMI	13.27	Epithelial ovarian cancer	C0677886	[neop]	["ovarian epithelial carcinoma"-tx-1-"OVARIAN EPITHELIAL CARCINOMA"-noun-0]	TX	0/18,26/9	x.x.x.x
OVARY_SEROUS_ADENOCARCINOMA	MMI	3.96	Ovarian Serous Adenocarcinoma	C1335177	[neop]	["Ovarian Serous Adenocarcinoma"-tx-1-"OVARY SEROUS ADENOCARCINOMA"-noun-0]	TX	0/27	
PANCREAS_CANCER	MMI	14.64	Pancreatic carcinoma	C0235974	[neop]	["Pancreas Cancer"-tx-1-"PANCREAS_CANCER"-noun-0]	TX	0/15	x.x.x.x
PANCREATIC_ADENOCARCINOMA'	MMI	5.18	Adenocarcinoma of pancreas	C0281361	[neop]	["Pancreatic Adenocarcinoma"-tx-1-"PANCREATIC ADENOCARCINOMA"-noun-0]	TX	0/25	
PANCREATIC_CANCER	MMI	14.64	Pancreatic carcinoma	C0235974	[neop]	["PANCREATIC CANCER"-tx-1-"PANCREATIC CANCER"-noun-0]	TX	0/17	x.x.x.x
PAPILLARY_THYROID_CARCINOMA	MMI	14.64	Papillary thyroid carcinoma	C0238463	[neop]	["Papillary Thyroid Carcinoma"-tx-1-"PAPILLARY THYROID CARCINOMA"-noun-0]	TX	0/27	x.x.x.x
PARAGANGLIOMA	MMI	20.95	Paraganglioma	C0030421	[neop]	["Paraganglioma"-tx-1-"PARAGANGLIOMA"-noun-0]	TX	0/13	C04.557.465.625.650.700;C04.557.580.625.650.700
PARATYPHI_INFECTION	MMI	9.99	Communicable Diseases	C0009450	[dsyn]	["Infection, NOS"-tx-1-"INFECTION"-noun-0]	TX	10/9	C01.539.221
PARKINSON'S_DISEASE	MMI	20.95	Parkinson Disease	C0030567	[dsyn]	["Parkinson`s disease"-tx-1-"PARKINSON'DISEASE"-noun-0]	TX	0/9,9/1,12/7	C10.228.140.079.862.500;C10.228.662.600.400;C10.574.812
PATIENTS_WITH_BONE_MARROW_FAILURE_AND_CYTOGENETIC_ABNORMALITIES	MMI	12.93	Chromosome Aberrations	C0008625	[comd]	["Cytogenetic Abnormalities"-tx-1-"CYTOGENETIC ABNORMALITIES"-noun-0]	TX	38/25	C23.550.210;G05.365.590.175
PDX_BREAST_CANCER	MMI	13.22	Breast Carcinoma	C0678222	[neop]	["Breast Cancer"-tx-1-"BREAST CANCER"-noun-0]	TX	4/13	C04.588.180;C17.800.090.500
PEMPHIGUS_VULGARIS	MMI	14.64	Pemphigus Vulgaris	C0030809	[dsyn]	["PEMPHIGUS VULGARIS"-tx-1-"PEMPHIGUS VULGARIS"-noun-0]	TX	0/18	C17.800.865.716;C20.111.736
PITUITARY_GLAND_ADENOMA	MMI	27.26	Pituitary Adenoma	C0032000	[neop]	["Pituitary Gland Adenoma"-tx-1-"PITUITARY GLAND ADENOMA"-noun-0]	TX	0/23	C04.588.322.609;C04.588.614.250.195.885.500.600;C10.228.140.211.885.500.600;C10.228.140.617.477.600;C10.228.140.617.738.675;C10.551.240.250.700.500.500;C19.344.609;C19.700.734
PNH	MMI	5.18	Paroxysmal nocturnal hemoglobinuria	C0024790	[dsyn]	["PNH"-tx-1-"PNH"-noun-0]	TX	0/3	
POLYCYSTIC_KIDNEY	MMI	20.95	Polycystic Kidney Diseases	C0022680	[dsyn]	["KIDNEY, POLYCYSTIC"-tx-1-"POLYCYSTIC KIDNEY"-noun-0]	TX	0/17	C12.777.419.403.875;C13.351.968.419.403.875
POORLY_DIFFERENTIATED_SEROUS_OVARIAN_ADENOCARCINOMA	MMI	3.72	Ovarian Serous Adenocarcinoma	C1335177	[neop]	["Serous Ovarian adenocarcinoma"-tx-1-"SEROUS OVARIAN ADENOCARCINOMA"-noun-0]	TX	22/29	
PRIMARY_ANTIPHOSPHOLIPID_SYNDROME	MMI	5.18	Primary antiphospholipid syndrome	C0409980	[dsyn]	["Primary antiphospholipid syndrome"-tx-1-"PRIMARY ANTIPHOSPHOLIPID SYNDROME"-noun-0]	TX	0/33	
PRIMARY_CUTANEOUS_CD30+_T-CELL_LYMPHOPROLIFERATIVE_DISORDER	MMI	5.18	Primary cutaneous CD30+ T-cell lymphoproliferative disorder	C1371159	[neop]	["Primary Cutaneous CD30+ T-Cell Lymphoproliferative Disorder"-tx-1-"PRIMARY CUTANEOUS CD30 T-CELL LYMPHOPROLIFERATIVE DISORDER"-noun-0]	TX	0/22,24/35	
PROSTATE_CANCER	MMI	5.18	Malignant neoplasm of prostate	C0376358	[neop]	["Prostate Cancer"-tx-1-"PROSTATE CANCER"-noun-0]	TX	0/15	
PULMONARY_HYPERTENSION	MMI	11.49	Pulmonary Hypertension	C0020542	[patf]	["Hypertension, pulmonary"-tx-1-"PULMONARY HYPERTENSION"-noun-0]	TX	0/22	C08.381.423
RDEB	MMI	17.80	Hallopeau-Siemens Disease	C0079474	[dsyn]	["RDEB"-tx-1-"RDEB"-noun-0]	TX	0/4	C16.131.831.493.160;C16.320.850.275.160;C17.300.200.367;C17.800.804.493.160;C17.800.827.275.160;C17.800.865.410.160
RENAL_CELL_ADENOCARCINOMA	MMI	20.95	Renal Cell Carcinoma	C0007134	[neop]	["Adenocarcinoma, Renal Cell"-tx-1-"RENAL CELL ADENOCARCINOMA"-noun-0]	TX	0/25	C04.557.470.200.025.390;C04.588.945.947.535.160;C12.758.820.750.160;C12.777.419.473.160;C13.351.937.820.535.160;C13.351.968.419.473.160
RHEUMATOID_ARTHRITIS	MMI	14.64	Rheumatoid Arthritis	C0003873	[dsyn]	["RHEUMATOID ARTHRITIS"-tx-1-"RHEUMATOID ARTHRITIS"-noun-0]	TX	0/20	C05.550.114.154;C05.799.114;C17.300.775.099;C20.111.199
RHEUMATOID_ARTHRITIS_(EARLY)	MMI	13.22	Rheumatoid Arthritis	C0003873	[dsyn]	["RHEUMATOID ARTHRITIS"-tx-1-"RHEUMATOID ARTHRITIS"-noun-0]	TX	0/20	C05.550.114.154;C05.799.114;C17.300.775.099;C20.111.199
RHEUMATOID_ARTHRITIS_(ESTABLISHED)	MMI	13.22	Rheumatoid Arthritis	C0003873	[dsyn]	["RHEUMATOID ARTHRITIS"-tx-1-"RHEUMATOID ARTHRITIS"-noun-0]	TX	0/20	C05.550.114.154;C05.799.114;C17.300.775.099;C20.111.199
ROTHMUND-THOMSON_SYNDROME	MMI	14.64	Rothmund-Thomson syndrome	C0032339	[dsyn]	["ROTHMUND-THOMSON SYNDROME"-tx-1-"ROTHMUND-THOMSON SYNDROME"-noun-0]	TX	0/25	C16.131.831.775;C16.320.850.765;C16.614.760;C17.800.804.775;C17.800.827.775;C18.452.284.760
RPL	MMI	5.18	PREGNANCY LOSS, RECURRENT, SUSCEPTIBILITY TO, 1	C3280670	[fndg]	["RPL"-tx-1-"RPL"-noun-0]	TX	0/3	
SBH	MMI	24.11	Subcortical Band Heterotopia	C1848201	[dsyn]	["SBH"-tx-1-"SBH"-noun-0]	TX	0/3	C10.500.507.450.230;C10.500.507.450.499.230;C16.131.666.507.450.230;C16.131.666.507.450.499.230;C16.320.322.500.186
SBMA	MMI	17.80	Bulbo-Spinal Atrophy, X-Linked	C1839259	[dsyn]	["SBMA"-tx-1-"SBMA"-noun-0]	TX	0/4	C10.228.854.468.399;C10.574.500.175;C10.574.562.500.374;C10.668.467.500.186;C16.320.322.076
SCA1	MMI	20.95	Spinocerebellar Ataxia Type 1	C0752120	[dsyn]	["SCA1"-tx-1-"SCA1"-noun-0]	TX	0/4	C10.228.140.252.190.530;C10.228.140.252.700.700;C10.228.854.787.875;C10.574.500.825.700;C10.597.350.090.500.530;C16.320.400.780.875
SCA10	MMI	14.64	Spinocerebellar Ataxia 10	C1963674	[dsyn]	["SCA10"-tx-1-"SCA10"-noun-0]	TX	0/5	x.x.x.x
SCA3	MMI	24.11	Machado-Joseph Disease	C0024408	[dsyn]	["SCA3"-tx-1-"SCA3"-noun-0]	TX	0/4	C10.228.140.252.190.530.530;C10.228.140.252.700.700.500;C10.228.854.787.875.500;C10.574.500.825.700.500;C10.597.350.090.500.530.530;C16.320.400.780.875.500
SCA6	MMI	5.18	Spinocerebellar Ataxia Type 6 (disorder)	C0752124	[dsyn]	["SCA6"-tx-1-"SCA6"-noun-0]	TX	0/4	
SECONDARY_ACUTE_MYELOID_LEUKAEMIA	MMI	5.18	secondary acute myeloid leukemia	C0280449	[neop]	["secondary acute Myeloid leukaemia"-tx-1-"SECONDARY ACUTE MYELOID LEUKAEMIA"-noun-0]	TX	0/33	
SEMINOMA	MMI	17.80	Seminoma	C0036631	[neop]	["SEMINOMA"-tx-1-"SEMINOMA"-noun-0]	TX	0/8	C04.557.465.330.800
SEVERE_ACUTE_PANCREATITIS	MMI	3.75	Acute pancreatitis	C0001339	[dsyn]	["Acute Pancreatitis"-tx-1-"ACUTE PANCREATITIS"-noun-0]	TX	7/18	
SMALL_B_CELL_LYMPHOMA,_UNSPECIFIED	MMI	3.84	Unspecified B-cell lymphoma	C0348396	[neop]	["Unspecified B-cell lymphoma"-tx-1-"B CELL LYMPHOMA UNSPECIFIED"-noun-0]	TX	6/15,23/11	
SMALL_CELL_LUNG_CANCER	MMI	27.26	Small cell carcinoma of lung	C0149925	[neop]	["Lung cancer, small cell"-tx-1-"SMALL CELL LUNG CANCER"-noun-0]	TX	0/22	C04.588.894.797.520.109.220.624;C08.381.540.140.750;C08.785.520.100.220.750
SMA_TYPE_I	MMI	16.40	HMN (Hereditary Motor Neuropathy) Proximal Type I	C0043116	[dsyn]	["SMA I"-tx-1-"SMA I"-noun-0]	TX	0/3,9/1	C10.228.854.468.800;C10.574.500.812;C10.574.562.500.750;C10.668.467.500.750;C16.320.400.765
SPLENIC_MARGINAL_ZONE_LYMPHOMA	MMI	5.18	Splenic Marginal Zone B-Cell Lymphoma	C0349632	[neop]	["Splenic Marginal Zone Lymphoma"-tx-1-"SPLENIC MARGINAL ZONE LYMPHOMA"-noun-0]	TX	0/30	
STABLE_ANGINA_PECTORIS	MMI	24.11	Stable angina	C0340288	[dsyn]	["Angina Pectoris, Stable"-tx-1-"STABLE ANGINA PECTORIS"-noun-0]	TX	0/22	C10.597.617.192.500.575;C14.280.647.187.362;C14.907.585.187.362;C23.888.592.612.233.500.575
STARGARDT_DISEASE;_EARLY-ONSET	MMI	13.14	Stargardt's disease	C0271093	[fndg]	["STARGARDT DISEASE"-tx-1-"STARGARDT DISEASE"-noun-0]	TX	0/17	x.x.x.x
STARGARDT_DISEASE;_LATE-ONSET	MMI	13.14	Stargardt's disease	C0271093	[fndg]	["STARGARDT DISEASE"-tx-1-"STARGARDT DISEASE"-noun-0]	TX	0/17	x.x.x.x
STEROID-RESISTANT_NEPHROTIC_SYNDROME	MMI	5.18	Steroid resistant nephrotic syndrome of childhood	C3266102	[dsyn]	["Steroid-Resistant Nephrotic Syndrome"-tx-1-"STEROID-RESISTANT NEPHROTIC SYNDROME"-noun-0]	TX	0/36	
SUDDEN_CARDIAC_DEATH	MMI	17.80	Sudden Cardiac Death	C0085298	[patf]	["SUDDEN CARDIAC DEATH"-tx-1-"SUDDEN CARDIAC DEATH"-noun-0]	TX	0/20	C14.280.383.220;C23.550.260.322.250
SUSPECTED_LYSOSOMAL_STORAGE_DISEASE	MMI	13.27	Lysosomal Storage Diseases	C0085078	[dsyn]	["Lysosomal Storage Disease"-tx-1-"LYSOSOMAL STORAGE DISEASE"-noun-0]	TX	10/25	C16.320.565.595;C18.452.648.595
SYSTEMIC_ANAPHYLACTIC_SHOCK	MMI	13.22	anaphylaxis	C0002792	[patf]	["ANAPHYLACTIC SHOCK"-tx-1-"ANAPHYLACTIC SHOCK"-noun-0]	TX	9/18	C20.543.480.099
TERMINAL_HEART_FAILURE	MMI	10.06	Heart failure	C0018801	[dsyn]	["Failure, Heart"-tx-1-"HEART FAILURE"-noun-0]	TX	9/13	C14.280.434
THERAPY-RELATED_AML	MMI	16.25	Leukemia, Myelocytic, Acute	C0023467	[neop]	["AML"-tx-1-"AML"-noun-0]	TX	16/3	C04.557.337.539.275
THYROID_CANCER	MMI	5.18	Malignant neoplasm of thyroid	C0007115	[neop]	["-- Thyroid Cancer"-tx-1-"THYROID_CANCER"-noun-0]	TX	0/14	
TRAUMATIC_WET_LUNG	MMI	5.18	Pulmonary insufficiency following trauma	C1368020	[dsyn]	["Traumatic wet lung"-tx-1-"TRAUMATIC WET LUNG"-noun-0]	TX	0/18	
TRIPLE-NEGATIVE_BREAST_CANCER	MMI	17.80	Triple Negative Breast Neoplasms	C3539878	[neop]	["Triple-Negative Breast Cancer"-tx-1-"TRIPLE-NEGATIVE BREAST CANCER"-noun-0]	TX	0/29	C04.588.180.788;C17.800.090.500.788
TRISOMY_12	MMI	5.18	Trisomy 12	C0432408	[dsyn]	["Trisomy 12"-tx-1-"TRISOMY 12"-noun-0]	TX	0/10	
TURNER'S_SYNDROME	MMI	19.55	Turner Syndrome	C0041408	[cgab,dsyn]	["TURNER SYNDROME"-tx-1-"TURNER SYNDROME"-noun-0]	TX	0/6,9/8	C12.706.316.309.872;C12.706.316.795.750;C13.351.875.253.309.872;C13.351.875.253.795.750;C14.240.400.980;C14.280.400.980;C16.131.240.400.970;C16.131.260.830.835.750;C16.131.939.316.309.872;C16.131.939.316.795.750;C16.320.180.830.835.750;C19.391.119.309.872;C19.391.119.795.750
TURNER_SYNDROME	MMI	20.95	Turner Syndrome	C0041408	[cgab,dsyn]	["Turners Syndrome"-tx-1-"TURNER SYNDROME"-noun-0]	TX	0/15	C12.706.316.309.872;C12.706.316.795.750;C13.351.875.253.309.872;C13.351.875.253.795.750;C14.240.400.980;C14.280.400.980;C16.131.240.400.970;C16.131.260.830.835.750;C16.131.939.316.309.872;C16.131.939.316.795.750;C16.320.180.830.835.750;C19.391.119.309.872;C19.391.119.795.750
TYPE_2_DIABETES	MMI	17.80	Diabetes Mellitus, Non-Insulin-Dependent	C0011860	[dsyn]	["Type II Diabetes"-tx-1-"TYPE 2 DIABETES"-noun-0]	TX	0/15	C18.452.394.750.149;C19.246.300
TYPE_2_DIABETIC	MMI	3.63	diabetic	C0241863	[fndg]	["DIABETIC"-tx-1-"DIABETIC"-adj-0]	TX	7/8	
T_LYMPHOBLASTIC_LEUKEMIA_LYMPHOMA	MMI	5.18	Precursor T cell lymphoblastic leukemia/lymphoblastic lymphoma	C1301359	[neop]	["T lymphoblastic leukaemia/lymphoma"-tx-1-"T LYMPHOBLASTIC LEUKEMIA LYMPHOMA"-noun-0]	TX	0/33	
ULCERATIVE_COLITIS	MMI	20.95	Ulcerative Colitis	C0009324	[dsyn]	["COLITIS, ULCERATIVE"-tx-1-"ULCERATIVE COLITIS"-noun-0]	TX	0/18	C06.405.205.265.231;C06.405.205.731.249;C06.405.469.158.188.231;C06.405.469.432.249
UNDIFFERENTIATED_ARTHRITIS	MMI	5.18	Undifferentiated inflammatory arthritis	C1562028	[dsyn]	["Undifferentiated Arthritis"-tx-1-"UNDIFFERENTIATED ARTHRITIS"-noun-0]	TX	0/26	
UNSTABLE_ANGINA_PECTORIS	MMI	24.11	Angina, Unstable	C0002965	[dsyn]	["Angina Pectoris, Unstable"-tx-1-"UNSTABLE ANGINA PECTORIS"-noun-0]	TX	0/24	C10.597.617.192.500.150;C14.280.647.187.150;C14.907.585.187.150;C23.888.592.612.233.500.150
UROTHELIAL_BLADDER_CARCINOMA	MMI	5.18	Transitional cell carcinoma of bladder	C0279680	[neop]	["Urothelial Bladder carcinoma"-tx-1-"UROTHELIAL BLADDER CARCINOMA"-noun-0]	TX	0/28	
UVEAL_MELANOMA	MMI	14.64	Uveal melanoma	C0220633	[neop]	["MELANOMA, UVEAL"-tx-1-"UVEAL MELANOMA"-noun-0]	TX	0/14	x.x.x.x
VISCERAL_LEISHMANIASIS	MMI	17.80	Leishmaniasis, Visceral	C0023290	[dsyn]	["LEISHMANIASIS, VISCERAL"-tx-1-"VISCERAL LEISHMANIASIS"-noun-0]	TX	0/22	C03.752.300.500.510
WELL-DIFFERENTIATED_HEPATOCELLULAR_CARCINOMA	MMI	5.18	Well Differentiated Hepatocellular Carcinoma	C3273033	[neop]	["Well Differentiated Hepatocellular Carcinoma"-tx-1-"WELL-DIFFERENTIATED HEPATOCELLULAR CARCINOMA"-noun-0]	TX	0/44	
